Room Label,Type,Map Name,Name,Location,Object Ids,✅,❌,Edit,Rules,Rule 1,Rule 2,Rule 3,Rule 4,Rule 5,Rule 6,Rule 7,"Badge (SS[+], Moon, Turret, Wing)",Offstring Throw,Walk-the-Dog,Wall-Dash,UFO Throw,Wall Ride,"Move (Sleeper+AtW/Parry, Coin-Flip[+Prodigy], Cat's Cradle)",Other,Notes
"Abandoned Tunnels (X+2, Y+1) - ren70",Location,Badge (Cheater's Teleportation),Badge (Cheater's Teleportation),Abandoned Tunnels,lor230,FALSE,FALSE,8/31/2026 17:07:08,FALSE,,,,,,,,FALSE,FALSE,FALSE,FALSE,FALSE,FALSE,FALSE,FALSE,
"Abandoned Tunnels (X+0, Y+2) - ren28",Event,Battery 1,,Abandoned Tunnels,,FALSE,FALSE,8/31/2026 17:07:09,FALSE,,,,,,,,FALSE,FALSE,FALSE,FALSE,FALSE,FALSE,FALSE,FALSE,
"Abandoned Tunnels (X+1, Y+0) - ren32",Event,Battery 2,,Abandoned Tunnels,,FALSE,FALSE,8/31/2026 17:07:10,FALSE,,,,,,,,FALSE,FALSE,FALSE,FALSE,FALSE,FALSE,FALSE,FALSE,
"Abandoned Tunnels (X+6, Y+1) - ren91",Event,Battery 3,,Abandoned Tunnels,,FALSE,FALSE,8/31/2026 17:07:10,FALSE,,,,,,,,FALSE,TRUE,TRUE,FALSE,FALSE,FALSE,FALSE,FALSE,
"Abandoned Tunnels (X+5, Y+2) - ren55",Event,Battery 4,,Abandoned Tunnels,,FALSE,FALSE,8/31/2026 17:07:10,FALSE,,,,,,,,FALSE,FALSE,FALSE,FALSE,FALSE,FALSE,FALSE,FALSE,
"Abandoned Tunnels (X+7, Y+4) - ren693",Event,Battery 5,,Abandoned Tunnels,,FALSE,FALSE,8/31/2026 17:07:11,FALSE,,,,,,,,FALSE,TRUE,TRUE,Skipping Stone+,FALSE,Skipping Stone,FALSE,FALSE,
"Abandoned Tunnels (X+1, Y+0) - ren32",Location,Combat 1,,Abandoned Tunnels,"ren564,ren565",FALSE,FALSE,8/31/2026 17:07:11,FALSE,,,,,,,,FALSE,FALSE,FALSE,FALSE,FALSE,FALSE,FALSE,FALSE,2x rose + 2x coin
"Abandoned Tunnels (X+2, Y+2) - ren334",Location,Combat 2 (optional),,Abandoned Tunnels,ren772,FALSE,FALSE,8/31/2026 17:07:11,FALSE,,,,,,,,FALSE,FALSE,FALSE,FALSE,FALSE,FALSE,FALSE,FALSE,1 moneybag
"Abandoned Tunnels (X+10, Y+4) - ren422",Location,Combat 3,,Abandoned Tunnels,lor214,FALSE,FALSE,8/31/2026 17:07:11,FALSE,,,,,,,,FALSE,FALSE,FALSE,FALSE,FALSE,FALSE,FALSE,FALSE,1x moneybag + 10x coin
"Abandoned Tunnels (X+2, Y+1) - ren70",Location,Diamond 1,,Abandoned Tunnels,lor236,FALSE,FALSE,8/31/2026 17:07:14,FALSE,,,,,,,,,,,,,,,,Requires Cheater's badge
"Abandoned Tunnels (X+0, Y+1) - ren12",Location,Moneybag 1,,Abandoned Tunnels,ren13,FALSE,FALSE,8/31/2026 17:07:14,FALSE,,,,,,,,FALSE,FALSE,FALSE,FALSE,FALSE,FALSE,FALSE,FALSE,
"Abandoned Tunnels (X+1, Y+1) - ren22",Location,Moneybag 2,,Abandoned Tunnels,lor167,FALSE,FALSE,8/31/2026 17:07:14,FALSE,,,,,,,,FALSE,FALSE,FALSE,FALSE,FALSE,FALSE,FALSE,FALSE,
"Safe House (X+0, Y+0) - mig38",Location,Badge (Eye),Badge,,lor119,TRUE,FALSE,9/1/2026 23:38:24,FALSE,,,,,,,,FALSE,FALSE,FALSE,FALSE,FALSE,FALSE,FALSE,FALSE,
"South Plaza (X-1, Y+4) - lor2248 (Southeast)",Location,Badge (Golden),Badge,,yug4337,TRUE,FALSE,9/1/2026 23:38:28,FALSE,,,,,,,,FALSE,FALSE,FALSE,FALSE,FALSE,FALSE,FALSE,FALSE,
"South Plaza (X-1, Y-6) - ren355 (West)",Location,Badge (Hellhound),Badge,South Plaza,yug3158,TRUE,TRUE,9/1/2026 23:38:30,FALSE,,,,,,,,,,,,,,,,Only accessible from Gallineiros District
"South Plaza (X-2, Y+4) - yug5210",Location,Badge (Pitcher's),Badge,South Plaza,yug5250,TRUE,FALSE,9/1/2026 23:38:33,TRUE,Key 1,,,,,,,FALSE,FALSE,FALSE,FALSE,FALSE,FALSE,FALSE,Key 1,
"South Plaza (X+2, Y+4) - yug5154",Location,BP Shard 1,BP Shard,South Plaza,yug5202,TRUE,FALSE,8/1/2026 21:15:24,TRUE,ufo,ride,,,,,,FALSE,FALSE,FALSE,FALSE,TRUE,TRUE,FALSE,FALSE,
"South Plaza (X-2, Y-3) - ren223 (Main)",Event,Combat 1 (optional),Combat (optional),South Plaza,ren4804,TRUE,FALSE,9/1/2026 23:26:16,FALSE,,,,,,,,FALSE,FALSE,FALSE,FALSE,FALSE,FALSE,FALSE,FALSE,
"South Plaza (X-2, Y-3) - ren223 (Main)",Location,Combat 1 (optional),Combat (optional) - Reward,South Plaza,ren4805,TRUE,FALSE,9/1/2026 23:26:23,TRUE,Combat 1 (optional),,,,,,,FALSE,FALSE,FALSE,FALSE,FALSE,FALSE,FALSE,Combat 1,1x moneybag
"South Plaza (X-3, Y+3) - ren4152",Event,Combat 2,Combat,South Plaza,lor2079,TRUE,FALSE,8/2/2026 21:40:14,FALSE,,,,,,,,FALSE,FALSE,FALSE,FALSE,FALSE,FALSE,FALSE,FALSE,
"South Plaza (X-3, Y+3) - ren4152",Location,Combat 2,Combat - Reward,South Plaza,lor2096,TRUE,FALSE,8/2/2026 21:40:12,TRUE,Combat 2,,,,,,,FALSE,FALSE,FALSE,FALSE,FALSE,FALSE,FALSE,Combat 2,1x moneybag
"South Plaza (X-3, Y+4) - yug4930",Event,Combat 3,Combat,South Plaza,yug4954,TRUE,FALSE,7/23/2026 19:20:29,FALSE,,,,,,,,FALSE,FALSE,FALSE,FALSE,FALSE,FALSE,FALSE,FALSE,Key 1
"South Plaza (X-1, Y+4) - lor2248 (South)",Location,Diamond 1,Diamond,South Plaza,lor2469,TRUE,FALSE,8/8/2026 19:28:16,FALSE,,,,,,,,FALSE,FALSE,FALSE,FALSE,FALSE,FALSE,FALSE,FALSE,
"South Plaza (X-3, Y+4) - yug4930",Event,Key 1,Key,South Plaza,yug4979,TRUE,FALSE,8/1/2026 21:15:38,TRUE,Combat 3,,,,,,,FALSE,FALSE,FALSE,FALSE,FALSE,FALSE,FALSE,Combat 3,
"South Plaza (X-2, Y-3) - ren223 (Main)",Event,Lever 1,Right Lever,South Plaza,yug5535,TRUE,FALSE,7/23/2026 19:22:06,FALSE,,,,,,,,FALSE,FALSE,FALSE,FALSE,FALSE,FALSE,FALSE,FALSE,
"South Plaza (X-2, Y-3) - ren223 (Main)",Event,Lever 2,Left Lever,South Plaza,yug5536,TRUE,FALSE,7/23/2026 19:22:11,FALSE,,,,,,,,FALSE,FALSE,FALSE,FALSE,FALSE,FALSE,FALSE,FALSE,
"South Plaza (X-1, Y+4) - lor2248 (Southeast Entrance)",Event,Lever 3,Lever,South Plaza,lor3247,TRUE,FALSE,8/7/2026 11:55:40,TRUE,ss,"dog, ride",dash,ufo,,,,Skipping Stone,FALSE,Wall-Ride,TRUE,TRUE,FALSE,FALSE,FALSE,
"South Plaza (X-2, Y-3) - ren223 (Southeast)",Event,Mole Brother 1,Mole Brother,South Plaza,lor1227,TRUE,FALSE,9/1/2026 23:36:20,FALSE,,,,,,,,FALSE,FALSE,FALSE,FALSE,FALSE,FALSE,FALSE,FALSE,
"South Plaza (X-2, Y-3) - ren223 (Main)",Location,Moneybag 1,Money Bag 1,South Plaza,lor380,TRUE,FALSE,7/25/2026 20:43:31,FALSE,,,,,,,,FALSE,FALSE,FALSE,FALSE,FALSE,FALSE,FALSE,FALSE,
"South Plaza (X-2, Y-3) - ren223 (Main)",Location,Moneybag 2,Money Bag 2,South Plaza,lor397,TRUE,FALSE,,FALSE,,,,,,,,FALSE,FALSE,FALSE,FALSE,FALSE,FALSE,FALSE,FALSE,Hidden behind statue
"South Plaza (X-2, Y-3) - ren223 (Main)",Location,Moneybag 3,Money Bag 3,South Plaza,cap369,TRUE,FALSE,7/25/2026 18:56:11,FALSE,,,,,,,,FALSE,FALSE,FALSE,FALSE,FALSE,FALSE,FALSE,FALSE,
"South Plaza (X-2, Y-3) - ren223 (Main)",Location,Moneybag 4,Money Bag 4,South Plaza,ren4803,TRUE,FALSE,8/1/2026 21:17:12,FALSE,,,,,,,,FALSE,FALSE,FALSE,FALSE,FALSE,FALSE,FALSE,FALSE,
"South Plaza (X-2, Y-3) - ren223 (Southwest)",Location,Moneybag 5,Money Bag 5,South Plaza,lor3388,TRUE,FALSE,7/25/2026 12:06:18,FALSE,,,,,,,,FALSE,FALSE,FALSE,FALSE,FALSE,FALSE,FALSE,FALSE,
"South Plaza (X-2, Y-3) - ren223 (Main)",Location,Moneybag 6,Money Bag 6,South Plaza,yug2147,TRUE,FALSE,9/4/2026 2:06:32,FALSE,,,,,,,,FALSE,FALSE,FALSE,FALSE,FALSE,FALSE,FALSE,FALSE,"Technically in SE region, but collectable with suicide jump"
"South Plaza (X-1, Y-6) - ren355 (East)",Location,Moneybag 7,Money Bag 2,South Plaza,lor1120,TRUE,FALSE,8/4/2026 17:26:00,FALSE,,,,,,,,FALSE,FALSE,FALSE,FALSE,FALSE,FALSE,FALSE,FALSE,
"South Plaza (X-1, Y-6) - ren355 (South)",Location,Moneybag 8,Money Bag 1,South Plaza,lor3013,TRUE,FALSE,,FALSE,,,,,,,,FALSE,FALSE,FALSE,FALSE,FALSE,FALSE,FALSE,FALSE,Behind sign
"South Plaza (X-1, Y+4) - lor2248 (North)",Location,Moneybag 9,Money Bag,South Plaza,yug5046,TRUE,FALSE,7/25/2026 20:43:55,FALSE,,,,,,,,FALSE,FALSE,FALSE,FALSE,FALSE,FALSE,FALSE,FALSE,
"South Plaza (X+1, Y+4) - yug4939 (West)",Location,Moneybag 10,Money Bag,South Plaza,"yug5160,yug5162",TRUE,FALSE,,FALSE,,,,,,,,FALSE,FALSE,FALSE,FALSE,FALSE,FALSE,FALSE,FALSE,2x money bag (winged)
"South Plaza (X+1, Y+4) - yug4939 (West)",Location,Moneybag 11,Money Bag 3,South Plaza,yug5203,TRUE,FALSE,8/31/2026 0:31:33,FALSE,,,,,,,,FALSE,FALSE,FALSE,FALSE,FALSE,FALSE,FALSE,FALSE,"Left moneybag, just suicide jump off"
"South Plaza (X+1, Y+4) - yug4939 (East)",Location,Moneybag 12,Money Bag 4,South Plaza,yug5166,TRUE,FALSE,7/25/2026 20:44:19,FALSE,,,,,,,,FALSE,FALSE,FALSE,FALSE,FALSE,FALSE,FALSE,FALSE,Right moneybag
"South Plaza (X-2, Y-3) - ren223 (South)",Event,Musical Notes 1,Left Musical Notes,South Plaza,yug5074,TRUE,FALSE,8/1/2026 21:19:08,TRUE,off,,,,,,,FALSE,TRUE,FALSE,FALSE,FALSE,FALSE,FALSE,FALSE,
"South Plaza (X-2, Y-3) - ren223 (South)",Location,Musical Notes 1,Left Musical Notes - Reward,South Plaza,"yug5100,yug5101,yug5102,yug5103",TRUE,FALSE,8/6/2026 21:11:11,TRUE,Musical Notes 1,,,,,,,FALSE,FALSE,FALSE,FALSE,FALSE,FALSE,FALSE,Musical Notes 1,4x moneybag
"South Plaza (X-2, Y-3) - ren223 (South)",Event,Musical Notes 2,Right Musical Notes,South Plaza,yug5127,TRUE,FALSE,8/19/2026 17:01:47,TRUE,off,"expert, atw","expert, ride",,,,,FALSE,TRUE,FALSE,FALSE,FALSE,Expert diff,Around the World (Expert diff),FALSE,"Possible with just Wall-Ride, but hard"
"South Plaza (X-2, Y-3) - ren223 (South)",Location,Musical Notes 2,Right Musical Notes - Reward,South Plaza,"yug5144,yug5146,yug5147",TRUE,FALSE,8/6/2026 21:11:32,TRUE,Musical Notes 2,,,,,,,FALSE,FALSE,FALSE,FALSE,FALSE,FALSE,FALSE,Musical Notes 2,"3x moneybag, wall-ride is hard"
"South Plaza (X-2, Y-3) - ren223 (Main)",Location,Petal Container 1,Petal Container,South Plaza,yug5534,TRUE,FALSE,8/1/2026 21:25:00,TRUE,"Lever 1, Lever 2",,,,,,,FALSE,FALSE,FALSE,FALSE,FALSE,FALSE,FALSE,Lever 1 AND Lever 2,
"South Plaza (X-2, Y-3) - ren223 (Main)",Event,Quest (Burger 1),Burger Quest,South Plaza,yug3946,TRUE,FALSE,8/3/2026 16:04:22,TRUE,[SP-I] Burger,,,,,,,FALSE,FALSE,FALSE,FALSE,FALSE,FALSE,FALSE,Burger,Assumes no ER (entrance rando)
"South Plaza (X-2, Y-3) - ren223 (Main)",Location,Quest (Burger 1),Burger Quest - Reward,South Plaza,"yug5539,yug5540,yug5541,yug5545",TRUE,FALSE,8/6/2026 21:11:34,TRUE,Quest (Burger 1),,,,,,,FALSE,FALSE,FALSE,FALSE,FALSE,FALSE,FALSE,Quest (Burger 1),4x money bag
"South Plaza (X-2, Y-3) - ren223 (Main)",Location,Taxi Phone 1,Taxi Phone,South Plaza,lor2057,TRUE,FALSE,8/1/2026 21:25:45,TRUE,$100,,,,,,,FALSE,FALSE,FALSE,FALSE,FALSE,FALSE,FALSE,Costs $100,
"South Plaza (Interiors) (X-1, Y+1) - ren85",Event,Burger,Burger,South Plaza (Interiors),yug421,TRUE,FALSE,8/1/2026 21:25:46,TRUE,$15,,,,,,,FALSE,FALSE,FALSE,FALSE,FALSE,FALSE,FALSE,Costs $15,
"South Plaza (Sewers) (X-1, Y-5) - ren984",Event,Lever 1,Right Lever,South Plaza (Sewers),lor228,TRUE,FALSE,8/1/2026 21:26:24,TRUE,dash,ufo,ride,,,,,FALSE,FALSE,FALSE,TRUE,TRUE,TRUE,FALSE,FALSE,
"South Plaza (Sewers) (X-1, Y-5) - ren984",Event,Lever 2,Left Lever,South Plaza (Sewers),lor227,TRUE,FALSE,8/1/2026 21:26:19,TRUE,ss+,dog,"dash,ss",ufo,"ride, ss",,,Skipping Stone+,FALSE,TRUE,Skipping Stone,TRUE,Skipping Stone,FALSE,FALSE,
"South Plaza (Sewers) (X-1, Y+5) - yug1700 (East)",Location,Moneybag 1,Money Bag,South Plaza (Sewers),"yug2209,yug2291,yug2292",TRUE,FALSE,8/7/2026 11:12:29,FALSE,,,,,,,,FALSE,FALSE,FALSE,FALSE,FALSE,FALSE,FALSE,FALSE,3x moneybag
"South Plaza (Sewers) (X-1, Y+5) - yug1700 (East)",Location,Petal Container 1,Petal Container,South Plaza (Sewers),yug2063,TRUE,FALSE,8/7/2026 11:12:29,TRUE,"off,dog","off,ride",,,,,,FALSE,Walk-the-Dog OR Wall Ride,FALSE,FALSE,FALSE,FALSE,FALSE,FALSE,Rule is from yug1700 (East)
"Faria Slimer Borough (X+6, Y-5) - yug23",Event,Ability Learned 1,Ability Learned (Around-the-World),Faria Slimer Borough,yug1391,TRUE,FALSE,8/8/2026 19:46:42,FALSE,,,,,,,,FALSE,FALSE,FALSE,FALSE,FALSE,FALSE,FALSE,FALSE,"Mod should disable this. Set flag """"g:city/yug1405:used"""" to 1 (remove trigger area) and ""g:tutorialSpin"" to 1 (to disable tutorial)"
"Faria Slimer Borough (X+2, Y+1) - yug219 (Main)",Event,Apple 1,South Apple,Faria Slimer Borough,lor697,TRUE,FALSE,8/7/2026 11:04:30,FALSE,,,,,,,,FALSE,FALSE,FALSE,FALSE,FALSE,FALSE,FALSE,FALSE,
"Faria Slimer Borough (X+2, Y+1) - yug219 (Main)",Event,Apple 2,Northwest Apple,Faria Slimer Borough,lor644,TRUE,FALSE,8/7/2026 11:04:32,TRUE,dash,ufo,ride,,,,,FALSE,FALSE,FALSE,TRUE,TRUE,TRUE,FALSE,FALSE,
"Faria Slimer Borough (X+2, Y+1) - yug219 (Main)",Event,Apple 3,Southwest Apple,Faria Slimer Borough,lor645,TRUE,FALSE,8/7/2026 11:04:33,TRUE,dash,ufo,ride,,,,,FALSE,FALSE,FALSE,TRUE,TRUE,TRUE,FALSE,FALSE,
"Faria Slimer Borough (X+9, Y-4) - yug3345",Location,Badge (Mist),Badge,Faria Slimer Borough,yug3922,TRUE,FALSE,8/5/2026 19:32:04,FALSE,,,,,,,,FALSE,FALSE,FALSE,FALSE,FALSE,FALSE,FALSE,FALSE,Press buttons + minor combat
"Faria Slimer Borough (X+6, Y+3) - yug2099 (North)",Location,Badge (Whip),Badge,Faria Slimer Borough,ren4858,TRUE,FALSE,8/8/2026 19:05:26,FALSE,,,,,,,,FALSE,FALSE,FALSE,FALSE,FALSE,FALSE,FALSE,FALSE,
"Faria Slimer Borough (X+10, Y-3) - yug60",Event,Bomb 1,Bomb,Faria Slimer Borough,yug2380,TRUE,FALSE,8/3/2026 16:01:08,FALSE,,,,,,,,FALSE,FALSE,FALSE,FALSE,FALSE,FALSE,FALSE,FALSE,
"Faria Slimer Borough (X+3, Y-4) - yug19",Event,Combat 1,Combat,Faria Slimer Borough,yug1153,TRUE,FALSE,8/19/2026 13:34:58,FALSE,,,,,,,,FALSE,FALSE,FALSE,FALSE,FALSE,FALSE,FALSE,FALSE,
"Faria Slimer Borough (X+3, Y-4) - yug19",Location,Combat 1,Combat - Reward,Faria Slimer Borough,yug1200,TRUE,FALSE,8/2/2026 21:40:28,FALSE,,,,,,,,FALSE,FALSE,FALSE,FALSE,FALSE,FALSE,FALSE,Combat 1,1x money bag
"Faria Slimer Borough (X+5, Y-4) - yug190",Event,Combat 2,Combat,Faria Slimer Borough,yug1453,TRUE,FALSE,8/3/2026 15:39:43,FALSE,,,,,,,,FALSE,FALSE,FALSE,FALSE,FALSE,FALSE,FALSE,FALSE,Only drops coins as prize
"Faria Slimer Borough (X+9, Y-4) - yug3345",Event,Combat 3,Combat ,Faria Slimer Borough,yug3626,TRUE,FALSE,8/4/2026 16:58:22,FALSE,,,,,,,,FALSE,FALSE,FALSE,FALSE,FALSE,FALSE,FALSE,FALSE,Only drops lots of coins as prize
"Faria Slimer Borough (X+8, Y-4) - yug169",Event,Combat 4,Combat,Faria Slimer Borough,yug2655,TRUE,FALSE,8/4/2026 17:31:36,FALSE,,,,,,,,FALSE,FALSE,FALSE,FALSE,FALSE,FALSE,FALSE,FALSE,
"Faria Slimer Borough (X+8, Y-4) - yug169",Location,Combat 4,Combat - Reward,Faria Slimer Borough,yug2697,TRUE,FALSE,8/4/2026 17:32:46,TRUE,Combat 4,,,,,,,FALSE,FALSE,FALSE,FALSE,FALSE,FALSE,FALSE,Combat 4,Also drops 2 winged coins
"Faria Slimer Borough (X+7, Y+4) - yug4153 (South)",Event,Combat 5,Combat,Faria Slimer Borough,yug4183,TRUE,FALSE,8/6/2026 22:42:53,FALSE,,,,,,,,FALSE,FALSE,FALSE,FALSE,FALSE,FALSE,FALSE,FALSE,
"Faria Slimer Borough (X+3, Y+4) - yug4250",Event,Combat 6,Combat,Faria Slimer Borough,lor3427,TRUE,FALSE,8/16/2026 13:46:17,FALSE,,,,,,,,FALSE,FALSE,FALSE,FALSE,FALSE,FALSE,FALSE,FALSE,
"Faria Slimer Borough (X+3, Y+4) - yug4250",Location,Combat 6,Combat - Reward,Faria Slimer Borough,yug4284,TRUE,FALSE,8/7/2026 0:32:39,TRUE,Combat 6,,,,,,,FALSE,FALSE,FALSE,FALSE,FALSE,FALSE,FALSE,Combat 6,
"Faria Slimer Borough (X+2, Y+3) - yug1",Event,Combat 7,Combat ,Faria Slimer Borough,yug1774,TRUE,FALSE,8/7/2026 1:54:53,FALSE,,,,,,,,FALSE,FALSE,FALSE,FALSE,FALSE,FALSE,FALSE,FALSE,
"Faria Slimer Borough (X+2, Y+3) - yug1",Location,Combat 7,Combat - Reward,Faria Slimer Borough,lor2419,TRUE,FALSE,8/7/2026 1:55:28,TRUE,Combat 7,,,,,,,FALSE,FALSE,FALSE,FALSE,FALSE,FALSE,FALSE,Combat 7,
"Faria Slimer Borough (X+5, Y+3) - yug2165",Event,Combat 8,Combat,Faria Slimer Borough,yug2183,TRUE,FALSE,8/8/2026 19:08:54,FALSE,,,,,,,,FALSE,FALSE,FALSE,FALSE,FALSE,FALSE,FALSE,FALSE,
"Faria Slimer Borough (X+5, Y+3) - yug2165",Location,Combat 8,Combat - Reward,Faria Slimer Borough,"yug2231,yug3087",TRUE,FALSE,8/8/2026 19:09:54,TRUE,Combat 8,,,,,,,FALSE,FALSE,FALSE,FALSE,FALSE,FALSE,FALSE,Combat 8,
"Faria Slimer Borough (X+6, Y-4) - yug187",Event,Key 1,Key,Faria Slimer Borough,lor884,TRUE,FALSE,8/6/2026 22:42:20,FALSE,,,,,,,,FALSE,FALSE,FALSE,FALSE,FALSE,FALSE,FALSE,FALSE,Key hidden in crate
"Faria Slimer Borough (X+7, Y+4) - yug4153 (South)",Event,Key 2,Key,Faria Slimer Borough,yug4159,TRUE,FALSE,8/6/2026 22:45:14,TRUE,Combat 5,,,,,,,FALSE,FALSE,FALSE,FALSE,FALSE,FALSE,FALSE,Combat 5,
"Faria Slimer Borough (X+2, Y-2) - yug2715",Event,Lever 1,Left Lever,Faria Slimer Borough,yug2730,TRUE,FALSE,9/2/2026 0:04:38,FALSE,,,,,,,,FALSE,FALSE,FALSE,FALSE,FALSE,FALSE,FALSE,FALSE,
"Faria Slimer Borough (X+2, Y-2) - yug2715",Event,Lever 2,Right Lever,Faria Slimer Borough,yug2731,TRUE,FALSE,9/2/2026 0:04:38,FALSE,,,,,,,,FALSE,FALSE,FALSE,FALSE,FALSE,FALSE,FALSE,FALSE,
"Faria Slimer Borough (X+2, Y-2) - yug2715",Event,Lever 3,Far Lever,Faria Slimer Borough,yug2732,TRUE,FALSE,8/2/2026 18:51:53,TRUE,"off, Lever 1, Lever 2","ride, Lever 1, Lever 2",,,,,,FALSE,Lever 1 AND Lever 2,FALSE,FALSE,FALSE,Lever 1 AND Lever 2,FALSE,FALSE,
"Faria Slimer Borough (X+4, Y-5) - yug208 (North)",Event,Lever 4,Lever,Faria Slimer Borough,lor753,TRUE,FALSE,8/2/2026 22:10:04,FALSE,,,,,,,,FALSE,FALSE,FALSE,FALSE,FALSE,FALSE,FALSE,FALSE,
"Faria Slimer Borough (X+7, Y+3) - yug9",Event,Lever 5,Lever,Faria Slimer Borough,yug2265,TRUE,FALSE,8/8/2026 19:15:01,FALSE,,,,,,,,FALSE,FALSE,FALSE,FALSE,FALSE,FALSE,FALSE,FALSE,
"Faria Slimer Borough (X+7, Y-4) - yug202 (West Alcove)",Event,Mole Brother 2,Mole Brother,Faria Slimer Borough,lor1228,TRUE,FALSE,9/1/2026 23:36:28,FALSE,,,,,,,,FALSE,FALSE,FALSE,FALSE,FALSE,FALSE,FALSE,FALSE,
"Faria Slimer Borough (X+3, Y-2) - yug259",Location,Moneybag 1,Money Bag,Faria Slimer Borough,yug2701,TRUE,FALSE,8/21/2026 19:08:32,FALSE,,,,,,,,FALSE,FALSE,FALSE,FALSE,FALSE,FALSE,FALSE,FALSE,
"Faria Slimer Borough (X+4, Y+0) - yug27 (Main)",Location,Moneybag 2,Money Bag 1,Faria Slimer Borough,lor2188,TRUE,FALSE,9/1/2026 23:37:11,FALSE,,,,,,,,FALSE,FALSE,FALSE,FALSE,FALSE,FALSE,FALSE,FALSE,
"Faria Slimer Borough (X+4, Y+0) - yug27 (Main)",Location,Moneybag 3,Money Bag 2,Faria Slimer Borough,yug2104,TRUE,FALSE,9/1/2026 23:37:14,FALSE,,,,,,,,FALSE,FALSE,FALSE,FALSE,FALSE,FALSE,FALSE,FALSE,
"Faria Slimer Borough (X+4, Y+0) - yug27 (Main)",Location,Moneybag 4,Money Bag 3,Faria Slimer Borough,yug903,TRUE,FALSE,9/1/2026 23:37:28,TRUE,dash,ufo,ride,,,,,FALSE,FALSE,FALSE,TRUE,TRUE,TRUE,FALSE,FALSE,
"Faria Slimer Borough (X+4, Y-3) - yug2741 (Main)",Location,Moneybag 5,Money Bag 1,Faria Slimer Borough,yug2796,TRUE,FALSE,9/1/2026 23:37:54,FALSE,,,,,,,,FALSE,FALSE,FALSE,FALSE,FALSE,FALSE,FALSE,FALSE,
"Faria Slimer Borough (X+4, Y-3) - yug2741 (East Alcove)",Location,Moneybag 6,Money Bag 2,Faria Slimer Borough,yug2821,TRUE,FALSE,9/1/2026 23:37:57,FALSE,,,,,,,,FALSE,FALSE,FALSE,FALSE,FALSE,FALSE,FALSE,FALSE,
"Faria Slimer Borough (X+3, Y-5) - yug20",Location,Moneybag 7,Money Bag,Faria Slimer Borough,yug1734,TRUE,FALSE,8/2/2026 21:03:17,FALSE,,,,,,,,FALSE,FALSE,FALSE,FALSE,FALSE,FALSE,FALSE,FALSE,
"Faria Slimer Borough (X+4, Y-6) - yug173",Location,Moneybag 8,Money Bag,Faria Slimer Borough,yug2435,TRUE,FALSE,8/2/2026 22:07:07,FALSE,,,,,,,,FALSE,FALSE,FALSE,FALSE,FALSE,FALSE,FALSE,FALSE,
"Faria Slimer Borough (X+8, Y-6) - yug3298",Location,Moneybag 9,Money Bag,Faria Slimer Borough,yug3316,TRUE,FALSE,8/4/2026 17:50:01,FALSE,,,,,,,,FALSE,FALSE,FALSE,FALSE,FALSE,FALSE,FALSE,FALSE,
"Faria Slimer Borough (X+8, Y-3) - yug108 (Northwest)",Location,Moneybag 10,Money Bag,Faria Slimer Borough,yug2607,TRUE,FALSE,8/4/2026 17:53:09,TRUE,dash,ufo,ride,,,,,FALSE,FALSE,FALSE,TRUE,TRUE,TRUE,FALSE,FALSE,
"Faria Slimer Borough (X+10, Y-1) - yug61 (West Alcove)",Location,Moneybag 11,Money Bag 1,Faria Slimer Borough,yug1755,TRUE,FALSE,9/2/2026 0:16:58,FALSE,,,,,,,,FALSE,FALSE,FALSE,FALSE,FALSE,FALSE,FALSE,FALSE,
"Faria Slimer Borough (X+10, Y+0) - yug55",Location,Moneybag 12,Money Bag,Faria Slimer Borough,lor2327,TRUE,FALSE,8/5/2026 18:57:08,FALSE,,,,,,,,FALSE,FALSE,FALSE,FALSE,FALSE,FALSE,FALSE,FALSE,
"Faria Slimer Borough (X+10, Y-1) - yug61 (Main)",Location,Moneybag 13,Money Bag 2,Faria Slimer Borough,yug2599,TRUE,FALSE,9/2/2026 0:16:59,FALSE,,,,,,,,FALSE,FALSE,FALSE,FALSE,FALSE,FALSE,FALSE,FALSE,
"Faria Slimer Borough (X+10, Y+2) - lor2334 (Northeast)",Location,Moneybag 14,Money Bag,Faria Slimer Borough,"yug4335,yug4336",TRUE,FALSE,9/1/2026 23:40:25,FALSE,,,,,,,,FALSE,FALSE,FALSE,FALSE,FALSE,FALSE,FALSE,FALSE,
"Faria Slimer Borough (X+10, Y+4) - yug4122",Location,Moneybag 15,Money Bag,Faria Slimer Borough,"yug4760,yug5561",TRUE,FALSE,9/1/2026 23:40:29,TRUE,dog,"dash, ss+","ride, ss",,,,,FALSE,FALSE,TRUE,Skipping Stone+,FALSE,Skipping Stone,FALSE,FALSE,
"Faria Slimer Borough (X+7, Y+4) - yug4153 (South)",Location,Moneybag 16,Money Bag,Faria Slimer Borough,yug4556,TRUE,FALSE,8/6/2026 22:42:02,FALSE,,,,,,,,FALSE,FALSE,FALSE,FALSE,FALSE,FALSE,FALSE,FALSE,
"Faria Slimer Borough (X+5, Y+4) - yug4308",Location,Moneybag 17,Money Bag,Faria Slimer Borough,"yug4319,yug4321,yug4322,yug5560,yug5562,yug5563",TRUE,FALSE,9/1/2026 23:44:23,TRUE,dog,"ufo, ss",ride,,,,,FALSE,FALSE,TRUE,FALSE,Skipping Stone,TRUE,FALSE,FALSE,"Walk-the-Dog solo by bringing buoy to bottom half, respawn, and WtD again. Wall-Ride solo require jumping between bottom walls to stall time"
"Faria Slimer Borough (X+7, Y+3) - yug9",Location,Moneybag 18,Money Bag,Faria Slimer Borough,"lor807,yug2335",TRUE,FALSE,9/1/2026 23:44:25,FALSE,,,,,,,,FALSE,FALSE,FALSE,FALSE,FALSE,FALSE,FALSE,FALSE,
"Faria Slimer Borough (X+10, Y+1) - lor2298",Event,Musical Notes 1,Musical Notes,Faria Slimer Borough,lor2299,TRUE,FALSE,8/5/2026 20:10:15,TRUE,dash,,,,,,,FALSE,FALSE,FALSE,TRUE,FALSE,FALSE,FALSE,FALSE,
"Faria Slimer Borough (X+10, Y+1) - lor2298",Location,Musical Notes 1,Musical Notes - Reward,Faria Slimer Borough,"yug3929,yug3930",TRUE,FALSE,9/1/2026 23:44:28,TRUE,Musical Notes 1,,,,,,,FALSE,FALSE,FALSE,FALSE,FALSE,FALSE,FALSE,Musical Notes 1,
"Faria Slimer Borough (X+4, Y+0) - yug27 (North Alcove)",Location,Petal Container 1,Petal Container,Faria Slimer Borough,yug5517,TRUE,FALSE,7/28/2026 12:38:03,FALSE,,,,,,,,FALSE,FALSE,FALSE,FALSE,FALSE,FALSE,FALSE,FALSE,
"Faria Slimer Borough (X+1, Y+5) - yug4288",Location,Petal Container 2,Petal Container,Faria Slimer Borough,yug4597,TRUE,FALSE,8/7/2026 1:00:02,TRUE,Buoy,,,,,,,FALSE,FALSE,FALSE,FALSE,FALSE,FALSE,FALSE,Buoy,Use buoys
"Faria Slimer Borough (X+9, Y+2) - yug22",Location,Petal Container 3,Petal Container,Faria Slimer Borough,yug2381,TRUE,FALSE,8/8/2026 19:20:47,TRUE,flip+,"dash, Bomb 1","ufo, Bomb 1","ride, Bomb 1",,,,FALSE,FALSE,FALSE,Bomb 1,Bomb 1,Bomb 1,Coin Flip + Prodigy,FALSE,Get bomb 1 and bring to petal container
"Faria Slimer Borough (X+4, Y+0) - yug27 (Main)",Event,Popcorn NPC 1,Popcorn NPC,Faria Slimer Borough,lor2174,TRUE,FALSE,8/4/2026 11:59:59,TRUE,$15,,,,,,,FALSE,FALSE,FALSE,FALSE,FALSE,FALSE,FALSE,Costs $15,
"Faria Slimer Borough (X+3, Y+3) - yug217",Event,Quest (Apple 1),Apple Quest,Faria Slimer Borough,ren7162,TRUE,FALSE,8/7/2026 2:07:18,TRUE,Apple 1,,,,,,,FALSE,FALSE,FALSE,FALSE,FALSE,FALSE,FALSE,Apple 1,Get apple from above room and bring it back
"Faria Slimer Borough (X+3, Y+3) - yug217",Location,Quest (Apple 1),Apple Quest - Reward,Faria Slimer Borough,"ren7164,ren7165",TRUE,FALSE,9/1/2026 23:44:33,TRUE,Quest (Apple 1),,,,,,,FALSE,FALSE,FALSE,FALSE,FALSE,FALSE,FALSE,Quest (Apple 1),
"Faria Slimer Borough (X+7, Y-6) - yug171 (Main)",Event,Quest (Burger 1),Burger Quest,Faria Slimer Borough,yug3151,TRUE,FALSE,8/3/2026 16:08:33,TRUE,[SP-I] Burger,,,,,,,FALSE,FALSE,FALSE,FALSE,FALSE,FALSE,FALSE,Burger,Assumes no ER (entrance rando)
"Faria Slimer Borough (X+7, Y-6) - yug171 (Main)",Location,Quest (Burger 1),Burger Quest - Reward,Faria Slimer Borough,yug3924,TRUE,FALSE,8/3/2026 16:09:33,TRUE,Quest (Burger 1),,,,,,,FALSE,FALSE,FALSE,FALSE,FALSE,FALSE,FALSE,Quest (Burger 1),
"Faria Slimer Borough (X+4, Y+0) - yug27 (Main)",Event,Quest (Popcorn 1),Popcorn Quest,Faria Slimer Borough,lor2186,TRUE,FALSE,8/4/2026 12:00:07,TRUE,Popcorn NPC 1,,,,,,,FALSE,FALSE,FALSE,FALSE,FALSE,FALSE,FALSE,Popcorn NPC 1,
"Faria Slimer Borough (X+4, Y+0) - yug27 (Main)",Location,Quest (Popcorn 1),Popcorn Quest - Reward,Faria Slimer Borough,"lor3375,lor3376",TRUE,FALSE,9/1/2026 23:44:39,TRUE,Quest (Popcorn 1),,,,,,,FALSE,FALSE,FALSE,FALSE,FALSE,FALSE,FALSE,Quest (Popcorn 1),
"Faria Slimer Borough (X+4, Y+0) - yug27 (Main)",Location,Taxi Phone 1,Taxi Phone,Faria Slimer Borough,lor2065,TRUE,FALSE,8/31/2026 17:33:49,TRUE,$100,,,,,,,FALSE,FALSE,FALSE,FALSE,FALSE,FALSE,FALSE,Costs $100,
"Faria Slimer Borough (X+4, Y-5) - yug208 (South)",Location,Taxi Phone 2,Taxi Phone,Faria Slimer Borough,lor2066,TRUE,FALSE,8/31/2026 17:33:51,TRUE,$100,,,,,,,FALSE,FALSE,FALSE,FALSE,FALSE,FALSE,FALSE,Costs $100,
"Faria Slimer Borough (X+10, Y+0) - yug55",Location,Taxi Phone 3,Taxi Phone,Faria Slimer Borough,lor2316,TRUE,FALSE,8/31/2026 17:33:53,TRUE,$100,,,,,,,FALSE,FALSE,FALSE,FALSE,FALSE,FALSE,FALSE,Costs $100,
"Faria Slimer Borough (Interiors) (X+3, Y+1) - yug119",Location,Badge (Coin),Badge,Faria Slimer Borough (Interiors),yug867,TRUE,FALSE,9/1/2026 23:44:54,TRUE,bomb,,,,,,,FALSE,FALSE,FALSE,FALSE,FALSE,FALSE,FALSE,Bomb,
"Faria Slimer Borough (Interiors) (X+10, Y-2) - yug59",Event,Bomb 1,Bomb,Faria Slimer Borough (Interiors),yug66,TRUE,FALSE,8/5/2026 19:58:11,TRUE,dash,ufo,ride,,,,,FALSE,FALSE,FALSE,TRUE,TRUE,TRUE,FALSE,FALSE,Collect bomb and bring to petal container
"Faria Slimer Borough (Interiors) (X+2, Y-1) - yug69",Location,BP Shard 1,BP Shard,Faria Slimer Borough (Interiors),yug869,TRUE,FALSE,8/2/2026 19:44:27,TRUE,bomb,,,,,,,FALSE,FALSE,FALSE,FALSE,FALSE,FALSE,FALSE,Bomb,Requires 2 bombs at the same time
"Faria Slimer Borough (Interiors) (X+4, Y-5) - yug47",Location,BP Shard 2,BP Shard,Faria Slimer Borough (Interiors),yug870,TRUE,FALSE,8/2/2026 22:18:15,TRUE,Key 4,,,,,,,FALSE,FALSE,FALSE,FALSE,FALSE,FALSE,FALSE,Key 4,
"Faria Slimer Borough (Interiors) (X+5, Y+0) - lor296",Event,Key 1,Key,Faria Slimer Borough (Interiors),lor298,TRUE,FALSE,8/29/2026 19:20:34,TRUE,off,dash-midair-ufo,,,,,,FALSE,TRUE,FALSE,FALSE,FALSE,FALSE,FALSE,FALSE,
"Faria Slimer Borough (Interiors) (X+7, Y-3) - lor414",Event,Key 2,Key,Faria Slimer Borough (Interiors),lor416,TRUE,FALSE,7/28/2026 14:57:52,FALSE,,,,,,,,FALSE,FALSE,FALSE,FALSE,FALSE,FALSE,FALSE,FALSE,Collect key + make it back to chest
"Faria Slimer Borough (Interiors) (X+3, Y-3) - yug1",Event,Key 3,Key,Faria Slimer Borough (Interiors),yug4,TRUE,FALSE,8/29/2026 19:42:49,TRUE,off,"ufo, trick-dash, dash-midair-ufo",,,,,,FALSE,TRUE,FALSE,FALSE,FALSE,FALSE,FALSE,FALSE,"- Collect key + make it back to chest
- Ufo at top-left corner, then go right w/ ufo, ufo-dash at top wall, and midair ufo down"
"Faria Slimer Borough (Interiors) (X+4, Y-5) - yug47",Event,Key 4,Key,Faria Slimer Borough (Interiors),yug56,TRUE,FALSE,8/2/2026 22:16:51,TRUE,Lever 1,,,,,,,FALSE,FALSE,FALSE,FALSE,FALSE,FALSE,FALSE,Lever 1,Collect key  + make it to key block
"Faria Slimer Borough (Interiors) (X+8, Y-6) - yug426",Event,Key (shop),Key (shop),Faria Slimer Borough (Interiors),lor573,TRUE,FALSE,8/4/2026 14:20:53,TRUE,$250,,,,,,,FALSE,FALSE,FALSE,FALSE,FALSE,FALSE,FALSE,Costs $250,"4 keys total, object id is key 1"
"Faria Slimer Borough (Interiors) (X+4, Y-5) - yug47",Event,Lever 1,Lever,Faria Slimer Borough (Interiors),lor164,TRUE,FALSE,8/2/2026 22:14:46,FALSE,,,,,,,,FALSE,FALSE,FALSE,FALSE,FALSE,FALSE,FALSE,FALSE,
"Faria Slimer Borough (Interiors) (X+10, Y-2) - yug59",Event,Lever 2,Right Lever,Faria Slimer Borough (Interiors),yug62,TRUE,FALSE,8/5/2026 19:48:12,FALSE,,,,,,,,FALSE,FALSE,FALSE,FALSE,FALSE,FALSE,FALSE,FALSE,
"Faria Slimer Borough (Interiors) (X+10, Y-2) - yug59",Event,Lever 3,Left Lever,Faria Slimer Borough (Interiors),yug64,TRUE,FALSE,8/5/2026 19:49:01,FALSE,,,,,,,,FALSE,FALSE,FALSE,FALSE,FALSE,FALSE,FALSE,FALSE,
"Faria Slimer Borough (Interiors) (X+6, Y-6) - yug134",Location,Moneybag 1,Money Bag,Faria Slimer Borough (Interiors),"yug137,yug138,yug140,yug141",TRUE,FALSE,9/1/2026 23:45:08,FALSE,,,,,,,,FALSE,FALSE,FALSE,FALSE,FALSE,FALSE,FALSE,FALSE,4x money bags
"Faria Slimer Borough (Interiors) (X+5, Y+0) - lor296",Location,Petal Container 1,Petal Container,Faria Slimer Borough (Interiors),lor301,TRUE,FALSE,8/2/2026 20:53:48,TRUE,"Key 1, chest",,,,,,,FALSE,FALSE,FALSE,FALSE,FALSE,FALSE,FALSE,Key 1,
"Faria Slimer Borough (Interiors) (X+7, Y-3) - lor414",Location,Petal Container 2,Petal Container,Faria Slimer Borough (Interiors),yug868,TRUE,FALSE,8/2/2026 20:52:45,TRUE,"Key 2, chest",,,,,,,FALSE,FALSE,FALSE,FALSE,FALSE,FALSE,FALSE,Key 2,
"Faria Slimer Borough (Interiors) (X+3, Y-3) - yug1",Location,Petal Container 3,Petal Container,Faria Slimer Borough (Interiors),yug6,TRUE,FALSE,8/2/2026 20:52:43,TRUE,"Key 3, chest",,,,,,,FALSE,FALSE,FALSE,FALSE,FALSE,FALSE,FALSE,Key 3,
"Faria Slimer Borough (Interiors) (X+6, Y-6) - yug134",Location,Petal Container 4,Petal Container,Faria Slimer Borough (Interiors),yug883,TRUE,FALSE,8/3/2026 16:27:32,FALSE,,,,,,,,FALSE,FALSE,FALSE,FALSE,FALSE,FALSE,FALSE,FALSE,
"Faria Slimer Borough (Interiors) (X+10, Y-2) - yug59",Location,Petal Container 5,Petal Container,Faria Slimer Borough (Interiors),yug60,TRUE,FALSE,8/28/2026 21:58:27,TRUE,flip+,Bomb 1,,,,,,FALSE,FALSE,FALSE,FALSE,FALSE,FALSE,Coin-Flip + Prodigy,Bomb 1,
"Faria Slimer Borough (Sewers) (X+5, Y+3) - lor779",Event,Ability Learned 1,Ability Learned (Sleeper),Faria Slimer Borough (Sewers),lor788,TRUE,FALSE,8/8/2026 17:45:19,FALSE,,,,,,,,FALSE,FALSE,FALSE,FALSE,FALSE,FALSE,FALSE,FALSE,"Mod should disable this + barrier. Set ""g:city_underground/lor813:used"" to 1, or ""g:city_underground/lor779:finished"" to 1?"
"Faria Slimer Borough (Sewers) (X+7, Y+4) - yug1206",Location,Badge (Angled),Badge,Faria Slimer Borough (Sewers),yug1208,TRUE,FALSE,9/1/2026 23:45:39,FALSE,,,,,,,,FALSE,FALSE,FALSE,FALSE,FALSE,FALSE,FALSE,FALSE,
"Faria Slimer Borough (Sewers) (X+9, Y+0) - yug1330",Location,Badge (Cheater's Telekinesis),Badge,Faria Slimer Borough (Sewers),yug1357,TRUE,FALSE,9/1/2026 23:45:42,FALSE,,,,,,,,FALSE,FALSE,FALSE,FALSE,FALSE,FALSE,FALSE,FALSE,
"Faria Slimer Borough (Sewers) (X+6, Y+0) - yug26 (Main)",Location,Badge (Sprout),Badge,Faria Slimer Borough (Sewers),yug1064,TRUE,FALSE,9/1/2026 23:46:02,FALSE,,,,,,,,FALSE,FALSE,FALSE,FALSE,FALSE,FALSE,FALSE,FALSE,
"Faria Slimer Borough (Sewers) (X+6, Y+4) - yug528",Location,BP Shard 1,BP Shard,Faria Slimer Borough (Sewers),lor834,TRUE,FALSE,8/8/2026 18:05:36,TRUE,Lever 10,,,,,,,FALSE,FALSE,FALSE,FALSE,FALSE,FALSE,FALSE,Lever 10,
"Faria Slimer Borough (Sewers) (X+8, Y+1) - yug619",Location,BP Shard 2,BP Shard,Faria Slimer Borough (Sewers),yug1081,TRUE,FALSE,8/8/2026 19:27:42,FALSE,,,,,,,,FALSE,FALSE,FALSE,FALSE,FALSE,FALSE,FALSE,FALSE,
"Faria Slimer Borough (Sewers) (X+4, Y-6) - ren3982 (South)",Event,Button 1,South Button,Faria Slimer Borough (Sewers),ren3989,TRUE,FALSE,8/2/2026 21:47:50,FALSE,,,,,,,,FALSE,FALSE,FALSE,FALSE,FALSE,FALSE,FALSE,FALSE,
"Faria Slimer Borough (Sewers) (X+4, Y-6) - ren3982 (North)",Event,Button 2,North Button,Faria Slimer Borough (Sewers),ren3991,TRUE,FALSE,8/2/2026 21:56:18,FALSE,,,,,,,,FALSE,FALSE,FALSE,FALSE,FALSE,FALSE,FALSE,FALSE,
"Faria Slimer Borough (Sewers) (X+8, Y-6) - yug912 (Northeast)",Event,Button 3,Right Button,Faria Slimer Borough (Sewers),yug922,TRUE,FALSE,8/30/2026 0:56:49,TRUE,"off, [FSB-I] Key (shop)","midair ufo, [FSB-I] Key (shop)","trick-dash, dash-midair-ufo, [FSB-I] Key (shop)",,,,,FALSE,[FSB-I] Key (shop),FALSE,FALSE,FALSE,FALSE,FALSE,FALSE,"- Requirements from shop to button
- You can just walk around the barriers in the sewer, so it's also doable with midair ufo"
"Faria Slimer Borough (Sewers) (X+8, Y-6) - yug912 (Northwest)",Event,Button 4,Left Button,Faria Slimer Borough (Sewers),yug921,TRUE,FALSE,8/4/2026 15:12:24,TRUE,[FSB-I] Key (shop),,,,,,,FALSE,FALSE,FALSE,FALSE,FALSE,FALSE,FALSE,[FSB-I] Key (shop),
"Faria Slimer Borough (Sewers) (X+8, Y-6) - yug912 (North)",Event,Button 5,Center Button,Faria Slimer Borough (Sewers),yug920,TRUE,FALSE,8/4/2026 16:46:21,TRUE,"off, [FSB-I] Key (shop)",,,,,,,FALSE,[FSB-I] Key (shop),FALSE,FALSE,FALSE,FALSE,FALSE,FALSE,Rule is to bring key from shop to keyhole
"Faria Slimer Borough (Sewers) (X+2, Y-1) - ren1477",Event,Combat 1,Combat,Faria Slimer Borough (Sewers),ren1486,TRUE,FALSE,9/4/2026 2:09:06,TRUE,"Lever 1, heart +1, off","Lever 1, heart +1, cat","Lever 1, heart +1, parry",,,,,FALSE,FALSE,FALSE,FALSE,FALSE,FALSE,Lever 1 AND +1 heart AND (Offstring Throw OR Cat's Cradle OR Parry),FALSE,Object ID is the barrier in front of petal container
"Faria Slimer Borough (Sewers) (X+3, Y-6) - ren3946",Event,Combat 2,Combat,Faria Slimer Borough (Sewers),ren3952,TRUE,FALSE,8/9/2026 11:07:24,FALSE,,,,,,,,FALSE,FALSE,FALSE,FALSE,FALSE,FALSE,FALSE,FALSE,Only drops coins as prizes
"Faria Slimer Borough (Sewers) (X+2, Y-5) - ren3998",Event,Combat 3 (optional),Combat (optional),Faria Slimer Borough (Sewers),ren4037,TRUE,FALSE,8/16/2026 13:10:44,TRUE,Lever 6,"wing, hard",expert,,,,,Wing (Hard diff),FALSE,FALSE,FALSE,FALSE,FALSE,FALSE,Lever 6 OR Expert diff,Possible without lever if you abuse i-frames after falling into water to only lose 1 heart per food bandit
"Faria Slimer Borough (Sewers) (X+2, Y-5) - ren3998",Location,Combat 3 (optional),Combat (optional) - Reward,Faria Slimer Borough (Sewers),"ren4017,ren4018,ren4019",TRUE,FALSE,9/1/2026 23:46:07,TRUE,Combat 3 (optional),,,,,,,FALSE,FALSE,FALSE,FALSE,FALSE,FALSE,FALSE,FALSE,3x winged money bags
"Faria Slimer Borough (Sewers) (X+4, Y-5) - ren3965",Event,Combat 4,Combat,Faria Slimer Borough (Sewers),ren3971,TRUE,FALSE,8/2/2026 21:44:50,FALSE,,,,,,,,FALSE,FALSE,FALSE,FALSE,FALSE,FALSE,FALSE,FALSE,No drops
"Faria Slimer Borough (Sewers) (X+4, Y+4) - yug385",Event,Combat 5,Combat 1,Faria Slimer Borough (Sewers),yug479,TRUE,FALSE,8/8/2026 17:56:25,TRUE,Lever 9,,,,,,,FALSE,FALSE,FALSE,FALSE,FALSE,FALSE,FALSE,Lever 9,
"Faria Slimer Borough (Sewers) (X+4, Y+4) - yug385",Event,Combat 6,Combat 2,Faria Slimer Borough (Sewers),yug490,TRUE,FALSE,8/8/2026 17:56:28,TRUE,Key 5,,,,,,,FALSE,FALSE,FALSE,FALSE,FALSE,FALSE,FALSE,Key 5,
"Faria Slimer Borough (Sewers) (X+8, Y+4) - ren3800 (West)",Event,Combat 7,Combat,Faria Slimer Borough (Sewers),ren3808,TRUE,FALSE,8/8/2026 18:43:42,TRUE,dash,,,,,,,FALSE,FALSE,FALSE,TRUE,FALSE,FALSE,FALSE,FALSE,
"Faria Slimer Borough (Sewers) (X+6, Y-1) - yug31",Event,Combat 8,Combat,Faria Slimer Borough (Sewers),yug575,TRUE,FALSE,8/16/2026 13:07:38,TRUE,off,dash,ufo,ride,manhole,flip,expert,FALSE,TRUE,FALSE,TRUE,TRUE,TRUE,Coin-Flip,Manhole,Manhole or Coin Flip lets you hold down the button and clear the room with no abilities. Timing a tight jump around a corner lets you go through this room with no abilities or manhole.
"Faria Slimer Borough (Sewers) (X+7, Y+0) - yug39",Event,Combat 9,Combat,Faria Slimer Borough (Sewers),yug571,TRUE,FALSE,8/16/2026 13:12:08,TRUE,off,dash,ufo,ride,expert,"hard, wing",,Wing (Hard diff),TRUE,FALSE,TRUE,TRUE,TRUE,FALSE,Expert diff,"You can just jump into the pit and hit the enemies mid air with no abilities, but requires leaving room after each kill and is kinda tedious"
"Faria Slimer Borough (Sewers) (X+8, Y+1) - yug619",Location,Diamond 1,Diamond,Faria Slimer Borough (Sewers),yug1120,TRUE,FALSE,8/8/2026 19:28:58,FALSE,,,,,,,,FALSE,FALSE,FALSE,FALSE,FALSE,FALSE,FALSE,FALSE,
"Faria Slimer Borough (Sewers) (X+9, Y+0) - yug1330",Event,Event 1,Event 1,Faria Slimer Borough (Sewers),yug1359,TRUE,FALSE,8/7/2026 11:31:56,FALSE,,,,,,,,FALSE,FALSE,FALSE,FALSE,FALSE,FALSE,FALSE,FALSE,
"Faria Slimer Borough (Sewers) (X+4, Y-6) - ren3982 (Main)",Event,Key 1,South Key,Faria Slimer Borough (Sewers),ren3987,TRUE,FALSE,8/2/2026 21:20:42,FALSE,,,,,,,,FALSE,FALSE,FALSE,FALSE,FALSE,FALSE,FALSE,FALSE,
"Faria Slimer Borough (Sewers) (X+4, Y-6) - ren3982 (Main)",Event,Key 2,North Key,Faria Slimer Borough (Sewers),ren3988,TRUE,FALSE,8/2/2026 21:20:54,FALSE,,,,,,,,FALSE,FALSE,FALSE,FALSE,FALSE,FALSE,FALSE,FALSE,
"Faria Slimer Borough (Sewers) (X+5, Y-6) - ren4029 (Main)",Event,Key 3,Key,Faria Slimer Borough (Sewers),ren4033,TRUE,FALSE,8/2/2026 22:02:10,TRUE,ss+,off,dog,ufo,,,,Skipping Stone+,TRUE,TRUE,FALSE,TRUE,FALSE,FALSE,FALSE,Collect key + bring to key block
"Faria Slimer Borough (Sewers) (X+9, Y+0) - yug1330",Event,Key 4,Key,Faria Slimer Borough (Sewers),yug1366,TRUE,TRUE,8/5/2026 19:35:26,TRUE,Badge (Cheater's Telekinesis),,,,,,,FALSE,FALSE,FALSE,FALSE,FALSE,FALSE,FALSE,Cheater's Telekinesis Badge,
"Faria Slimer Borough (Sewers) (X+4, Y+4) - yug385",Event,Key 5,Key,Faria Slimer Borough (Sewers),yug467,TRUE,FALSE,8/8/2026 17:56:38,TRUE,Combat 5,,,,,,,FALSE,FALSE,FALSE,FALSE,FALSE,FALSE,FALSE,Combat 5,
"Faria Slimer Borough (Sewers) (X+2, Y-1) - ren1477",Event,Lever 1,Lever,Faria Slimer Borough (Sewers),ren1489,TRUE,FALSE,7/27/2026 17:59:51,FALSE,,,,,,,,FALSE,FALSE,FALSE,FALSE,FALSE,FALSE,FALSE,FALSE,
"Faria Slimer Borough (Sewers) (X+6, Y+0) - yug26 (South)",Event,Lever 2,South Lever,Faria Slimer Borough (Sewers),yug27,TRUE,FALSE,7/28/2026 16:48:28,FALSE,,,,,,,,FALSE,FALSE,FALSE,FALSE,FALSE,FALSE,FALSE,FALSE,
"Faria Slimer Borough (Sewers) (X+6, Y+0) - yug26 (North)",Event,Lever 3,North Lever,Faria Slimer Borough (Sewers),yug28,TRUE,FALSE,7/28/2026 17:21:14,FALSE,,,,,,,,FALSE,FALSE,FALSE,FALSE,FALSE,FALSE,FALSE,FALSE,
"Faria Slimer Borough (Sewers) (X+5, Y-1) - lor176",Event,Lever 4,Lever,Faria Slimer Borough (Sewers),yug1129,TRUE,FALSE,8/2/2026 18:59:50,TRUE,ss+,off,dog,"dash, ss",ufo,ride,,Skipping Stone+,TRUE,TRUE,Skipping Stone,TRUE,TRUE,FALSE,FALSE,
"Faria Slimer Borough (Sewers) (X+6, Y+0) - yug26 (East)",Event,Lever 5,East Lever,Faria Slimer Borough (Sewers),yug29,TRUE,FALSE,8/2/2026 20:15:18,FALSE,,,,,,,,FALSE,FALSE,FALSE,FALSE,FALSE,FALSE,FALSE,FALSE,
"Faria Slimer Borough (Sewers) (X+2, Y-5) - ren3998",Event,Lever 6,Lever,Faria Slimer Borough (Sewers),ren4016,TRUE,FALSE,8/2/2026 21:25:01,FALSE,,,,,,,,FALSE,FALSE,FALSE,FALSE,FALSE,FALSE,FALSE,FALSE,
"Faria Slimer Borough (Sewers) (X+3, Y-7) - ren3974",Event,Lever 7,North Lever,Faria Slimer Borough (Sewers),ren3977,TRUE,FALSE,8/2/2026 21:53:24,FALSE,,,,,,,,FALSE,FALSE,FALSE,FALSE,FALSE,FALSE,FALSE,FALSE,
"Faria Slimer Borough (Sewers) (X+3, Y-7) - ren3974",Event,Lever 8,South Lever,Faria Slimer Borough (Sewers),ren3978,TRUE,FALSE,8/2/2026 21:53:24,FALSE,,,,,,,,FALSE,FALSE,FALSE,FALSE,FALSE,FALSE,FALSE,FALSE,
"Faria Slimer Borough (Sewers) (X+4, Y+4) - yug385",Event,Lever 9,Lever,Faria Slimer Borough (Sewers),yug457,TRUE,FALSE,8/8/2026 17:48:41,FALSE,,,,,,,,FALSE,FALSE,FALSE,FALSE,FALSE,FALSE,FALSE,FALSE,
"Faria Slimer Borough (Sewers) (X+6, Y+4) - yug528",Event,Lever 10,Lever,Faria Slimer Borough (Sewers),yug530,TRUE,FALSE,8/8/2026 18:05:55,TRUE,off,,,,,,,FALSE,TRUE,FALSE,FALSE,FALSE,FALSE,FALSE,FALSE,
"Faria Slimer Borough (Sewers) (X+5, Y-1) - lor176",Location,Moneybag 1,Money Bag,Faria Slimer Borough (Sewers),"yug1133,yug1134,yug1135",TRUE,FALSE,9/1/2026 23:46:51,TRUE,Lever 4,,,,,,,FALSE,FALSE,FALSE,FALSE,FALSE,FALSE,FALSE,Lever 4,Jump attack + suicide works
"Faria Slimer Borough (Sewers) (X+8, Y-1) - yug23",Location,Moneybag 2,Money Bag,Faria Slimer Borough (Sewers),"yug1076,yug1080",TRUE,FALSE,9/1/2026 23:46:59,FALSE,,,,,,,,FALSE,FALSE,FALSE,FALSE,FALSE,FALSE,FALSE,FALSE,
"Faria Slimer Borough (Sewers) (X+8, Y-1) - yug23",Location,Moneybag 3,Money Bag 3,Faria Slimer Borough (Sewers),yug1069,TRUE,FALSE,9/1/2026 23:47:05,TRUE,off,ufo,ride,,,,,FALSE,TRUE,FALSE,FALSE,TRUE,TRUE,FALSE,FALSE,
"Faria Slimer Borough (Sewers) (X+8, Y-6) - yug912 (Main)",Location,Moneybag 4,Money Bag,Faria Slimer Borough (Sewers),yug932,TRUE,FALSE,8/4/2026 14:27:02,FALSE,,,,,,,,FALSE,FALSE,FALSE,FALSE,FALSE,FALSE,FALSE,FALSE,
"Faria Slimer Borough (Sewers) (X+9, Y-5) - yug838 (West)",Location,Moneybag 5,Money Bag,Faria Slimer Borough (Sewers),"yug845,yug846",TRUE,FALSE,9/1/2026 23:47:18,FALSE,,,,,,,,FALSE,FALSE,FALSE,FALSE,FALSE,FALSE,FALSE,FALSE,
"Faria Slimer Borough (Sewers) (X+10, Y+0) - yug1803",Location,Moneybag 6,Money Bag,Faria Slimer Borough (Sewers),"yug1824,yug1825",TRUE,FALSE,9/1/2026 23:48:46,FALSE,,,,,,,,FALSE,FALSE,FALSE,FALSE,FALSE,FALSE,FALSE,FALSE,
"Faria Slimer Borough (Sewers) (X+10, Y+0) - yug1803",Location,Moneybag 7,Money Bag 3,Faria Slimer Borough (Sewers),yug1818,TRUE,FALSE,9/1/2026 23:48:50,FALSE,,,,,,,,FALSE,FALSE,FALSE,FALSE,FALSE,FALSE,FALSE,FALSE,
"Faria Slimer Borough (Sewers) (X+10, Y+0) - yug1803",Location,Moneybag 8,Money Bag 4,Faria Slimer Borough (Sewers),yug1807,TRUE,FALSE,9/1/2026 23:48:56,TRUE,off,Event 1,,,,,,FALSE,TRUE,FALSE,FALSE,FALSE,FALSE,FALSE,Can reach next room,
"Faria Slimer Borough (Sewers) (X+9, Y+0) - yug1330",Location,Moneybag 9,Money Bag,Faria Slimer Borough (Sewers),"yug1367,yug1368,yug1369,yug1370,yug1371",TRUE,TRUE,9/1/2026 23:51:03,TRUE,Badge (Cheater's Telekinesis),,,,,,,FALSE,FALSE,FALSE,FALSE,FALSE,FALSE,FALSE,Cheater's Telekinesis Badge,
"Faria Slimer Borough (Sewers) (X+6, Y+4) - yug528",Location,Moneybag 10,Money Bag,Faria Slimer Borough (Sewers),"yug691,lor820",TRUE,FALSE,9/1/2026 23:51:05,TRUE,Lever 10,,,,,,,FALSE,FALSE,FALSE,FALSE,FALSE,FALSE,FALSE,Lever 10,
"Faria Slimer Borough (Sewers) (X+7, Y+3) - lor173 (East)",Location,Moneybag 11,Money Bag,Faria Slimer Borough (Sewers),lor843,TRUE,FALSE,8/8/2026 18:26:34,FALSE,,,,,,,,FALSE,FALSE,FALSE,FALSE,FALSE,FALSE,FALSE,FALSE,
"Faria Slimer Borough (Sewers) (X+8, Y+3) - yug1141",Location,Moneybag 12,Money Bag,Faria Slimer Borough (Sewers),"yug1230,yug1231",TRUE,FALSE,9/1/2026 23:52:09,FALSE,,,,,,,,FALSE,FALSE,FALSE,FALSE,FALSE,FALSE,FALSE,FALSE,
"Faria Slimer Borough (Sewers) (X+8, Y+3) - yug1141",Location,Moneybag 13,Money Bag 3,Faria Slimer Borough (Sewers),yug1228,TRUE,FALSE,9/1/2026 23:52:16,TRUE,dash,,,,,,,FALSE,FALSE,FALSE,TRUE,FALSE,FALSE,FALSE,FALSE,
"Faria Slimer Borough (Sewers) (X+8, Y+1) - yug619",Location,Moneybag 14,Money Bag,Faria Slimer Borough (Sewers),"yug655,yug636,yug657,yug654,yug651,yug637,yug656,yug735",TRUE,FALSE,9/1/2026 23:53:01,FALSE,,,,,,,,FALSE,FALSE,FALSE,FALSE,FALSE,FALSE,FALSE,FALSE,
"Faria Slimer Borough (Sewers) (X+6, Y+3) - yug382",Event,Musical Notes 1,Musical Notes,Faria Slimer Borough (Sewers),yug505,TRUE,FALSE,8/8/2026 18:10:07,FALSE,,,,,,,,FALSE,FALSE,FALSE,FALSE,FALSE,FALSE,FALSE,FALSE,
"Faria Slimer Borough (Sewers) (X+6, Y+3) - yug382",Location,Musical Notes 1,Musical Notes - Reward,Faria Slimer Borough (Sewers),"yug1065,yug1067,lor990",TRUE,FALSE,8/8/2026 18:11:29,TRUE,Musical Notes 1,,,,,,,FALSE,FALSE,FALSE,FALSE,FALSE,FALSE,FALSE,Musical Notes 1,
"Faria Slimer Borough (Sewers) (X+2, Y-1) - ren1477",Location,Petal Container 1,Petal Container,Faria Slimer Borough (Sewers),ren1512,TRUE,FALSE,8/16/2026 20:00:49,TRUE,Combat 1,,,,,,,FALSE,FALSE,FALSE,FALSE,FALSE,FALSE,FALSE,Combat 1,
"Faria Slimer Borough (Sewers) (X+8, Y-1) - yug23",Location,Petal Container 2,Petal Container,Faria Slimer Borough (Sewers),yug25,TRUE,FALSE,8/16/2026 17:45:53,TRUE,off,,,,,,,FALSE,TRUE,FALSE,FALSE,FALSE,FALSE,FALSE,FALSE,
"SlimeCorp Skyscraper (X+4, Y-1) - lor54",Location,Badge (Stun),Badge,SlimeCorp Skyscraper,yug20,TRUE,FALSE,9/1/2026 23:56:55,TRUE,"Key 1, cog, off","ride, dash, expert",,,,,,FALSE,"Key 1, cog",FALSE,FALSE,FALSE,Wall-Dash (expert diff),FALSE,FALSE,
"SlimeCorp Skyscraper (X+3, Y-4) - lor97 (Southeast)",Location,BP Shard 1,BP Shard,SlimeCorp Skyscraper,yug19,TRUE,FALSE,8/19/2026 14:27:16,FALSE,,,,,,,,FALSE,FALSE,FALSE,FALSE,FALSE,FALSE,FALSE,FALSE,
"SlimeCorp Skyscraper (X+3, Y-1) - lor25 (North)",Event,Combat 1,Combat,SlimeCorp Skyscraper,lor30,TRUE,FALSE,8/16/2026 21:27:56,FALSE,,,,,,,,FALSE,FALSE,FALSE,FALSE,FALSE,FALSE,FALSE,FALSE,
"SlimeCorp Skyscraper (X+2, Y-2) - lor63 (West)",Event,Combat 2,Combat,SlimeCorp Skyscraper,lor67,TRUE,FALSE,8/19/2026 13:52:09,TRUE,cog,,,,,,,FALSE,FALSE,FALSE,FALSE,FALSE,FALSE,FALSE,cog,
"SlimeCorp Skyscraper (X+1, Y-4) - lor150",Event,Combat 3,Combat,SlimeCorp Skyscraper,lor164,TRUE,FALSE,8/19/2026 18:08:49,TRUE,"cog, off",,,,,,,FALSE,Cog,FALSE,FALSE,FALSE,FALSE,FALSE,FALSE,
"SlimeCorp Skyscraper (X+4, Y-1) - lor54",Event,Key 1,Key,SlimeCorp Skyscraper,lor56,TRUE,FALSE,8/16/2026 20:53:42,TRUE,"cog, off",,,,,,,FALSE,cog,FALSE,FALSE,FALSE,FALSE,FALSE,FALSE,
"SlimeCorp Skyscraper (X+2, Y-1) - ren22",Event,Key 2,Key,SlimeCorp Skyscraper,ren31,TRUE,FALSE,8/16/2026 21:07:31,TRUE,"cog, off",dash,moon,,,,,Moon,TRUE,FALSE,TRUE,FALSE,FALSE,FALSE,FALSE,
"SlimeCorp Skyscraper (X+1, Y-5) - lor133",Event,Key 3,Key,SlimeCorp Skyscraper,lor137,TRUE,FALSE,8/19/2026 15:20:09,TRUE,"cog, off",,,,,,,FALSE,Cog,FALSE,FALSE,FALSE,FALSE,FALSE,FALSE,Rule is to bring key to both keyholes. Offstring required to bring to keyhole
"SlimeCorp Skyscraper (X+4, Y-5) - lor104",Event,Key 4,Key,SlimeCorp Skyscraper,lor110,TRUE,FALSE,8/19/2026 15:17:03,TRUE,"cog, off","cog, hard",ufo,,,,,FALSE,Cog,FALSE,FALSE,TRUE,FALSE,FALSE,Cog (hard diff),Rule is to bring key to both keyholes. Cog only method is very tight (and still possible to south keyhole)
"SlimeCorp Skyscraper (X+0, Y-5) - lor151",Event,Key 5,Key,SlimeCorp Skyscraper,lor376,TRUE,FALSE,8/19/2026 18:17:16,FALSE,none,,,,,,,FALSE,FALSE,FALSE,FALSE,FALSE,FALSE,FALSE,FALSE,
"SlimeCorp Skyscraper (X+2, Y+0) - lor16 (East)",Location,Moneybag 1,Money Bag (secret),SlimeCorp Skyscraper,lor318,TRUE,FALSE,9/3/2026 21:33:17,FALSE,none,,,,,,,FALSE,FALSE,FALSE,FALSE,FALSE,FALSE,FALSE,FALSE,Trigger area on east platform
"SlimeCorp Skyscraper (X+1, Y-5) - lor133",Location,Moneybag 2,Money Bag (secret),SlimeCorp Skyscraper,lor382,TRUE,FALSE,9/3/2026 21:33:39,TRUE,cog,"ride, dash","ride, ufo","ride, expert",,,,FALSE,FALSE,FALSE,Wall-Ride,Wall-Ride,Expert diff,FALSE,Cog,Trigger area on key platform
"SlimeCorp Skyscraper (X+4, Y-5) - lor104",Location,Moneybag 3,Money Bag (secret),SlimeCorp Skyscraper,lor111,TRUE,FALSE,9/3/2026 21:33:42,TRUE,"cog, off",ufo,ride,,,,,FALSE,Cog,FALSE,FALSE,TRUE,TRUE,FALSE,FALSE,Trigger area on key platform
"SlimeCorp Skyscraper (X+0, Y-2) - lor2 (West)",Event,Musical Notes 1,Musical Notes,SlimeCorp Skyscraper,lor347,TRUE,FALSE,8/16/2026 20:10:28,FALSE,none,,,,,,,FALSE,FALSE,FALSE,FALSE,FALSE,FALSE,FALSE,FALSE,
"SlimeCorp Skyscraper (X+0, Y-2) - lor2 (West)",Location,Musical Notes 1,Musical Notes - Reward,SlimeCorp Skyscraper,lor271,TRUE,FALSE,8/16/2026 19:05:38,TRUE,Musical Notes 1,,,,,,,FALSE,FALSE,FALSE,FALSE,FALSE,FALSE,FALSE,Musical Notes 1,
"SlimeCorp Skyscraper (X+3, Y-4) - lor97 (North)",Event,Musical Notes 2,Musical Notes,SlimeCorp Skyscraper,lor348,TRUE,FALSE,8/19/2026 14:56:25,FALSE,none,,,,,,,FALSE,FALSE,FALSE,FALSE,FALSE,FALSE,FALSE,FALSE,
"SlimeCorp Skyscraper (X+3, Y-4) - lor97 (North)",Location,Musical Notes 2,Musical Notes - Reward,SlimeCorp Skyscraper,lor274,TRUE,FALSE,8/19/2026 14:56:27,TRUE,Musical Notes 2,,,,,,,FALSE,FALSE,FALSE,FALSE,FALSE,FALSE,FALSE,Musical Notes 2,
"SlimeCorp Skyscraper (X+0, Y-5) - lor151",Location,Petal Container 1,Petal Container,SlimeCorp Skyscraper,lor375,TRUE,FALSE,8/19/2026 18:16:26,TRUE,"Key 5, chest",,,,,,,FALSE,FALSE,FALSE,FALSE,FALSE,FALSE,FALSE,Key 5 AND Chest,
"SlimeCorp Skyscraper (X+0, Y-4) - lor187",Location,Staff ID,Staff ID,SlimeCorp Skyscraper,yug1,TRUE,FALSE,8/19/2026 18:15:20,FALSE,none,,,,,,,FALSE,FALSE,FALSE,FALSE,FALSE,FALSE,FALSE,FALSE,
"SlimeCorp Excavation Site (X+5, Y-1) - lor1228",Location,Badge (Wing),Badge,SlimeCorp Excavation Site,yug36,TRUE,FALSE,9/1/2026 23:57:16,TRUE,"bomb, off",,,,,,,,,,,,,,,Coin Flip+ not possible
"SlimeCorp Excavation Site (X+2, Y+4) - lor770",Location,Badge (Berserker),Badge,SlimeCorp Excavation Site,yug2,TRUE,FALSE,9/1/2026 23:57:17,TRUE,dash,ride,ufo,,,,,,,,,,,,,
"SlimeCorp Excavation Site (X+4, Y+3) - lor256",Location,BP Shard 1,BP Shard,SlimeCorp Excavation Site,yug1,TRUE,FALSE,8/28/2026 23:31:00,TRUE,dog,dash,ufo,ride,ss,,,,,,,,,,,
"SlimeCorp Excavation Site (X-2, Y-1) - lor524 (Northwest)",Event,Cog 1,Cog 1,SlimeCorp Excavation Site,lor543,TRUE,FALSE,9/2/2026 0:19:52,FALSE,none,,,,,,,,,,,,,,,
"SlimeCorp Excavation Site (X-2, Y-1) - lor524 (Southwest)",Event,Cog 2,Cog 2,SlimeCorp Excavation Site,lor528,TRUE,FALSE,9/2/2026 0:19:54,FALSE,none,,,,,,,,,,,,,,,
"SlimeCorp Excavation Site (X+4, Y+1) - lor180",Event,Combat 1,Combat,SlimeCorp Excavation Site,lor183,TRUE,FALSE,8/28/2026 21:40:40,FALSE,none,,,,,,,,,,,,,,,
"SlimeCorp Excavation Site (X+1, Y+3) - lor416",Event,Combat 2,Combat,SlimeCorp Excavation Site,lor425,TRUE,FALSE,8/29/2026 0:01:29,FALSE,none,,,,,,,,,,,,,,,
"SlimeCorp Excavation Site (X-3, Y+0) - lor536",Event,Combat 3,Combat,SlimeCorp Excavation Site,lor565,TRUE,FALSE,8/30/2026 2:17:38,FALSE,none,,,,,,,,,,,,,,,
"SlimeCorp Excavation Site (X+0, Y+3) - lor619",Event,Combat 4,Combat,SlimeCorp Excavation Site,lor630,TRUE,FALSE,8/30/2026 20:22:37,FALSE,none,,,,,,,,,,,,,,,
"SlimeCorp Excavation Site (X+0, Y+5) - lor741 (West)",Event,Combat 5,Combat,SlimeCorp Excavation Site,lor744,TRUE,FALSE,8/30/2026 21:18:34,FALSE,none,,,,,,,,,,,,,,,"With no abilities, can bait side enemies to fall off"
"SlimeCorp Excavation Site (X+0, Y+8) - lor1089",Event,Combat (Boss),Boss,SlimeCorp Excavation Site,lor1095,TRUE,FALSE,8/31/2026 17:30:42,TRUE,"heart+1, bomb","heart+1, flip+","heart+1, hard",expert,,,,,,,,,,,,
"SlimeCorp Excavation Site (X+2, Y-1) - lor1231",Event,Key East 1,Key,SlimeCorp Excavation Site,lor1236,TRUE,FALSE,8/28/2026 22:13:18,TRUE,"bomb, off",flip+,,,,,,,,,,,,,,
"SlimeCorp Excavation Site (X+4, Y+1) - lor180",Event,Key East 2,Key,SlimeCorp Excavation Site,lor184,TRUE,FALSE,8/28/2026 21:41:40,TRUE,Combat 1,,,,,,,,,,,,,,,Doesn't require bomb to use by going north
"SlimeCorp Excavation Site (X+5, Y-2) - lor1326",Event,Key East 3,Key,SlimeCorp Excavation Site,lor1409,TRUE,FALSE,8/28/2026 22:44:37,TRUE,"cog, off",moon,,,,,,,,,,,,,,
"SlimeCorp Excavation Site (X-3, Y+0) - lor536",Event,Key West 1,Key,SlimeCorp Excavation Site,lor566,TRUE,FALSE,8/30/2026 2:15:57,TRUE,Combat 3,,,,,,,,,,,,,,,
"SlimeCorp Excavation Site (X+0, Y+0) - lor149 (Southwest Left)",Event,Key West 2,Key,SlimeCorp Excavation Site,lor635,TRUE,FALSE,8/30/2026 20:59:40,TRUE,Lever Main 4,,,,,,,,,,,,,,,
"SlimeCorp Excavation Site (X-2, Y+7) - lor726 (Key)",Event,Key South 1,Key,SlimeCorp Excavation Site,lor727,TRUE,FALSE,8/31/2026 15:43:21,TRUE,dash,ufo,Lever South 3,,,,,,,,,,,,,"Rule is to bring key from (X-2, Y+7) (East) to key block"
"SlimeCorp Excavation Site (X+2, Y+5) - lor769 (Key)",Event,Key South 2,Key,SlimeCorp Excavation Site,lor795,TRUE,FALSE,8/31/2026 21:27:28,TRUE,off,ufo,trick-dash,"dash, hard",,,,,,,,,,,,"- Rule is to put key into key block
- Possible w/ no abilities if you throw key, regrab midair and bring it to key block"
"SlimeCorp Excavation Site (X+0, Y+0) - lor149 (Main)",Event,Lever Main 1,East Lever,SlimeCorp Excavation Site,lor153,TRUE,TRUE,8/28/2026 22:52:59,FALSE,none,,,,,,,,,,,,,,,Unused
"SlimeCorp Excavation Site (X+0, Y+0) - lor149 (Southeast)",Event,Lever Main 2,Southeast Lever,SlimeCorp Excavation Site,lor294,TRUE,FALSE,8/29/2026 0:01:18,FALSE,none,,,,,,,,,,,,,,,
"SlimeCorp Excavation Site (X+0, Y+0) - lor149 (Main)",Event,Lever Main 3,West Lever,SlimeCorp Excavation Site,lor587,TRUE,TRUE,8/30/2026 18:20:33,FALSE,none,,,,,,,,,,,,,,,Unused
"SlimeCorp Excavation Site (X+0, Y+0) - lor149 (Southwest Right)",Event,Lever Main 4,Southwest Lever,SlimeCorp Excavation Site,lor631,TRUE,FALSE,9/2/2026 0:05:41,FALSE,none,,,,,,,,,,,,,,,
"SlimeCorp Excavation Site (X+3, Y-1) - lor172",Event,Lever East 1,Lever,SlimeCorp Excavation Site,lor203,TRUE,FALSE,8/28/2026 21:08:33,TRUE,bomb,,,,,,,,,,,,,,,
"SlimeCorp Excavation Site (X+4, Y+2) - yug8",Event,Lever East 2,Lever,SlimeCorp Excavation Site,yug11,TRUE,FALSE,8/28/2026 23:26:17,TRUE,"bomb, off",dog,dash,ufo,ride,ss,flip+,,,,,,,,,
"SlimeCorp Excavation Site (X-3, Y-1) - lor534",Event,Lever West 1,North Lever,SlimeCorp Excavation Site,lor554,TRUE,FALSE,8/30/2026 1:04:17,TRUE,"bomb, cog","bomb, trick-dash, dash-midair-off",,,,,,,,,,,,,,Not possible with Coin Flip+
"SlimeCorp Excavation Site (X-3, Y-1) - lor534",Event,Lever West 2,South Lever,SlimeCorp Excavation Site,lor560,TRUE,FALSE,8/30/2026 1:07:35,TRUE,"bomb, cog, off",ride,midair ufo,dash-midair-ufo,"flip+, off","hard, cog, off",,,,,,,,,,"For cog + off, jump onto the platform and hop off near the lever"
"SlimeCorp Excavation Site (X-3, Y+1) - lor535",Event,Lever West 3,Lever,SlimeCorp Excavation Site,lor540,TRUE,FALSE,8/30/2026 2:13:37,TRUE,"bomb, cog, off","flip+, hard","bomb, ufo, trick-dash, dash-midair-off, off",,,,,,,,,,,,,
"SlimeCorp Excavation Site (X+0, Y+4) - lor667 (Southeast)",Event,Lever South 1,Lever,SlimeCorp Excavation Site,lor668,TRUE,FALSE,8/30/2026 21:20:22,FALSE,none,,,,,,,,,,,,,,,
"SlimeCorp Excavation Site (X-2, Y+4) - lor672 (Lever)",Event,Lever South 2,Lever,SlimeCorp Excavation Site,lor673,TRUE,FALSE,8/31/2026 0:34:44,FALSE,none,,,,,,,,,,,,,,,Offstring Throw goes offscreen
"SlimeCorp Excavation Site (X-1, Y+7) - lor731 (East)",Event,Lever South 3,Lever,SlimeCorp Excavation Site,lor733,TRUE,FALSE,8/31/2026 15:59:25,FALSE,none,,,,,,,,,,,,,,,
"SlimeCorp Excavation Site (X+1, Y+4) - lor755",Event,Lever South 4,Lever,SlimeCorp Excavation Site,lor786,TRUE,FALSE,8/31/2026 15:59:20,FALSE,none,,,,,,,,,,,,,,,
"SlimeCorp Excavation Site (X+0, Y+7) - lor1284",Event,Lever South 5,Lever,SlimeCorp Excavation Site,lor1288,TRUE,FALSE,8/31/2026 16:54:00,FALSE,none,,,,,,,,,,,,,,,
"SlimeCorp Excavation Site (X-4, Y+7) - lor1309",Event,Lever South 6,Lever,SlimeCorp Excavation Site,lor1339,TRUE,FALSE,8/31/2026 1:01:00,TRUE,ride,,,,,,,,,,,,,,,
"SlimeCorp Excavation Site (X+0, Y+8) - lor1089",Location,Mega-Battery,Mega-Battery,SlimeCorp Excavation Site,lor1264,TRUE,FALSE,8/31/2026 17:30:50,TRUE,Combat (Boss),,,,,,,,,,,,,,,
"SlimeCorp Excavation Site (X+0, Y+0) - lor149 (Main)",Location,Moneybag 1,Money Bag 1,SlimeCorp Excavation Site,lor1242,TRUE,FALSE,9/1/2026 23:57:39,FALSE,none,,,,,,,,,,,,,,,
"SlimeCorp Excavation Site (X+0, Y+0) - lor149 (Main)",Location,Moneybag 2,Money Bag 2,SlimeCorp Excavation Site,lor1438,TRUE,FALSE,9/1/2026 23:57:45,FALSE,none,,,,,,,,,,,,,,,
"SlimeCorp Excavation Site (X+3, Y+0) - lor166",Location,Moneybag 3,Money Bag,SlimeCorp Excavation Site,lor174,TRUE,FALSE,8/28/2026 21:05:36,TRUE,bomb,,,,,,,,,,,,,,,
"SlimeCorp Excavation Site (X+3, Y-1) - lor172",Location,Moneybag 4,Money Bag,SlimeCorp Excavation Site,lor478,TRUE,FALSE,8/28/2026 21:28:12,TRUE,bomb,,,,,,,,,,,,,,,
"SlimeCorp Excavation Site (X+4, Y-2) - lor179 (South Money Bag)",Location,Moneybag 5,Money Bag 2,SlimeCorp Excavation Site,lor326,TRUE,FALSE,9/2/2026 0:18:09,FALSE,none,,,,,,,,,,,,,,,Collectible with just ufo + ride but not landable
"SlimeCorp Excavation Site (X+4, Y-2) - lor179 (Main)",Location,Moneybag 6,Money Bag 1,SlimeCorp Excavation Site,lor328,TRUE,FALSE,9/2/2026 0:18:11,TRUE,bomb,,,,,,,,,,,,,,,
"SlimeCorp Excavation Site (X+5, Y-2) - lor1326",Location,Moneybag 7,Money Bag,SlimeCorp Excavation Site,lor1408,TRUE,FALSE,8/28/2026 22:43:14,TRUE,"Key East 3, chest",,,,,,,,,,,,,,,
"SlimeCorp Excavation Site (X+5, Y+0) - lor339",Location,Moneybag 8,Money Bag,SlimeCorp Excavation Site,lor340,TRUE,FALSE,8/28/2026 22:34:41,FALSE,none,,,,,,,,,,,,,,,
"SlimeCorp Excavation Site (X+4, Y+0) - lor171",Location,Moneybag 9,Money Bag,SlimeCorp Excavation Site,lor211,TRUE,FALSE,8/28/2026 21:32:36,TRUE,bomb,,,,,,,,,,,,,,,
"SlimeCorp Excavation Site (X+5, Y+1) - lor337",Location,Moneybag 10,Money Bag,SlimeCorp Excavation Site,"yug30,yug31,yug32",TRUE,FALSE,9/1/2026 23:57:54,FALSE,none,,,,,,,,,,,,,,,
"SlimeCorp Excavation Site (X+2, Y+1) - lor213",Location,Moneybag 11,Money Bag,SlimeCorp Excavation Site,lor265,TRUE,FALSE,8/28/2026 22:15:04,TRUE,"bomb, off",flip+,,,,,,,,,,,,,,
"SlimeCorp Excavation Site (X+2, Y+2) - lor212 (East)",Location,Moneybag 12,Money Bag,SlimeCorp Excavation Site,lor235,TRUE,FALSE,8/28/2026 23:20:13,TRUE,bomb,,,,,,,,,,,,,,,
"SlimeCorp Excavation Site (X+3, Y+4) - lor390 (West)",Location,Moneybag 13,Money Bag (secret),SlimeCorp Excavation Site,lor411,TRUE,FALSE,8/28/2026 23:41:25,TRUE,bomb,,,,,,,,,,,,,,,Reach bottom of room w/ row of bombs
"SlimeCorp Excavation Site (X+2, Y+3) - lor417 (East)",Location,Moneybag 14,Money Bag,SlimeCorp Excavation Site,lor491,TRUE,FALSE,8/28/2026 23:42:56,TRUE,bomb,,,,,,,,,,,,,,,
"SlimeCorp Excavation Site (X-3, Y-2) - lor1300",Location,Moneybag 15,Money Bag,SlimeCorp Excavation Site,lor1327,TRUE,FALSE,8/30/2026 1:26:24,FALSE,none,,,,,,,,,,,,,,,
"SlimeCorp Excavation Site (X+3, Y-2) - lor1305",Location,Moneybag 16,Money Bag,SlimeCorp Excavation Site,lor1415,TRUE,FALSE,8/30/2026 1:31:27,FALSE,none,,,,,,,,,,,,,,,
"SlimeCorp Excavation Site (X-3, Y-1) - lor534",Location,Moneybag 17,Money Bag (secret),SlimeCorp Excavation Site,lor563,TRUE,FALSE,8/30/2026 1:09:26,TRUE,"cog, off, bomb","dash-midair-ufo, ride",,,,,,,,,,,,,,"Technically possible to trigger without cog/off, then to take the ride reroute all the way round to the west room and collect with ufo"
"SlimeCorp Excavation Site (X-4, Y-1) - lor1299",Location,Moneybag 18,Money Bag,SlimeCorp Excavation Site,lor1328,TRUE,FALSE,8/30/2026 2:06:01,TRUE,"bomb, off",flip+,"ufo, dash, ride, hard",,,,,,,,,,,,,
"SlimeCorp Excavation Site (X-1, Y+1) - lor584",Location,Moneybag 19,Money Bag,SlimeCorp Excavation Site,lor594,TRUE,FALSE,8/29/2026 18:19:02,TRUE,bomb,,,,,,,,,,,,,,,"Grab bomb from (X-2, Y+2)"
"SlimeCorp Excavation Site (X-3, Y+2) - lor617",Location,Moneybag 20,Money Bag,SlimeCorp Excavation Site,lor623,TRUE,FALSE,8/30/2026 19:14:57,TRUE,"bomb, off","bomb, dash, drop, expert","dash, flip+, expert","bomb, midair ufo, drop, expert","midair ufo, flip+, expert","bomb, dash-midair-ufo, drop","dash-midair-ufo, flip+",,,,,,,,,"Dash onto dispenser, flip to drop, push to southwest corner of dispenser. Maybe theoretically possible with ufo + ride only"
"SlimeCorp Excavation Site (X-4, Y+2) - lor1296",Location,Moneybag 21,Money Bag,SlimeCorp Excavation Site,lor1333,TRUE,FALSE,8/30/2026 20:09:29,TRUE,hook,"ufo, ride",,,,,,,,,,,,,,
"SlimeCorp Excavation Site (X-3, Y+3) - lor618",Location,Moneybag 22,Money Bag,SlimeCorp Excavation Site,lor657,TRUE,FALSE,8/30/2026 20:20:55,TRUE,dash,ride,ufo,,,,,,,,,,,,,
"SlimeCorp Excavation Site (X+0, Y+4) - lor667 (Main)",Location,Moneybag 23,Money Bag,SlimeCorp Excavation Site,lor670,TRUE,FALSE,8/30/2026 21:14:55,TRUE,dash,ride,ufo,,,,,,,,,,,,,
"SlimeCorp Excavation Site (X-2, Y+4) - lor672 (North)",Location,Moneybag 24,Money Bag 1,SlimeCorp Excavation Site,lor700,TRUE,FALSE,9/2/2026 0:19:15,FALSE,,,,,,,,,,,,,,,,Can jump off and collect without landing
"SlimeCorp Excavation Site (X-2, Y+4) - lor672 (Southeast)",Location,Moneybag 25,Money Bag 2,SlimeCorp Excavation Site,lor675,TRUE,FALSE,9/2/2026 0:19:16,FALSE,none,,,,,,,,,,,,,,,
"SlimeCorp Excavation Site (X-2, Y+6) - lor701 (East)",Location,Moneybag 26,Money Bag,SlimeCorp Excavation Site,lor1085,TRUE,FALSE,8/30/2026 23:59:15,FALSE,none,,,,,,,,,,,,,,,Suicide jump
"SlimeCorp Excavation Site (X-5, Y+5) - lor1307 (Money Bag)",Location,Moneybag 27,Money Bag,SlimeCorp Excavation Site,lor1338,TRUE,FALSE,8/31/2026 0:24:32,FALSE,none,,,,,,,,,,,,,,,
"SlimeCorp Excavation Site (X-4, Y+7) - lor1309",Location,Moneybag 28,Money Bag,SlimeCorp Excavation Site,lor1341,TRUE,FALSE,8/31/2026 1:06:08,TRUE,"dash, ride, Lever South 6","hard, ride, Lever South 6",,,,,,,,,,,,,,"- This is a rare non-once-per-save lever
- Dashless requires attacking the lever early, or you fall before getting the money bag"
"SlimeCorp Excavation Site (X-2, Y+8) - lor1311",Location,Moneybag 29,Money Bag,SlimeCorp Excavation Site,"lor1373,lor1374,lor1375",TRUE,FALSE,9/1/2026 23:58:03,FALSE,none,,,,,,,,,,,,,,,
"SlimeCorp Excavation Site (X+0, Y+6) - lor1079 (East Alcove)",Location,Moneybag 30,Money Bag (secret),SlimeCorp Excavation Site,lor1084,TRUE,FALSE,8/31/2026 16:28:54,TRUE,ride,ufo,,,,,,,,,,,,,,
"SlimeCorp Excavation Site (X+2, Y+7) - lor860",Location,Moneybag 31,Money Bag,SlimeCorp Excavation Site,lor869,TRUE,FALSE,9/3/2026 15:29:44,TRUE,dash,ride,"ufo, hard",,,,,,,,,,,,,Timing with UFO is really tight
"SlimeCorp Excavation Site (X+5, Y+6) - lor1320",Location,Moneybag 32,Money Bag,SlimeCorp Excavation Site,lor1416,TRUE,FALSE,9/3/2026 15:28:31,TRUE,heart+3,"dash, ride","ufo, ride",,,,,,,,,,,,,"Wall-ride only is possible, but too hard"
"SlimeCorp Excavation Site (X-1, Y-1) - lor533",Location,Petal Container 1,Petal Container,SlimeCorp Excavation Site,lor601,TRUE,FALSE,8/30/2026 1:40:50,TRUE,off,hard,atw,flip+,"dash, ufo",,,,,,,,,,,Just walk around the slimes at the top
"SlimeCorp Excavation Site (X-4, Y+6) - yug3 (West)",Location,Petal Container 2,Petal Container,SlimeCorp Excavation Site,yug4,TRUE,FALSE,8/31/2026 0:19:05,FALSE,none,,,,,,,,,,,,,,,
"SlimeCorp Excavation Site (X+3, Y+5) - lor856",Location,Petal Container 3,Petal Container,SlimeCorp Excavation Site,lor858,TRUE,FALSE,8/31/2026 16:42:08,TRUE,ufo,ride,"dash, off","dash, flip","dash, atw",,,,,,,,,,,Use offstring or coin to move slime w/ bare string